company_id,type,rule_id,text,confidence_pct
ABB,pro,PRO-01,Consistently high return on equity above 20% demonstrates exceptional capital efficiency,90
ABB,pro,PRO-02,Strong free cash flow generation over 5 years signals healthy business fundamentals,88
ABB,pro,PRO-06,Net profit compounding at above 20% over 5 years creates significant shareholder value,85
ABB,pro,PRO-07,Very high interest coverage ratio reflects negligible financial stress from debt servicing,88
ABB,pro,PRO-08,Consistent dividend yield above 2% backed by positive free cash flow,65
ABB,pro,PRO-09,Earnings per share growing above 15% CAGR indicates strong earnings quality and compounding,84
ABB,pro,PRO-10,Return on equity improving for 3 consecutive years shows strengthening business quality,78
ABB,pro,PRO-11,Revenue growing slower than profits shows improving operating leverage and scale benefits,75
ABB,pro,PRO-12,Growing asset base funded by internal accruals reflects self-sustaining growth,80
ADANIENSOL,pro,PRO-04,Revenue growing at above 15% CAGR over 5 years reflects strong business momentum,85
ADANIENSOL,pro,PRO-05,Operating profit margin above 25% indicates strong pricing power and cost discipline,82
ADANIENSOL,con,CON-01,Debt-to-equity ratio of 2.9 is elevated for a non-financial company and warrants monitoring,85
ADANIENSOL,con,CON-10,Return on capital employed below 10% suggests the business is not generating sufficient returns on invested capital,80
ADANIENSOL,con,CON-11,Net debt exceeding 3 times EBITDA is a high leverage ratio and limits financial flexibility,82
ADANIENT,pro,PRO-04,Revenue growing at above 15% CAGR over 5 years reflects strong business momentum,85
ADANIENT,pro,PRO-06,Net profit compounding at above 20% over 5 years creates significant shareholder value,85
ADANIENT,pro,PRO-09,Earnings per share growing above 15% CAGR indicates strong earnings quality and compounding,84
ADANIENT,pro,PRO-10,Return on equity improving for 3 consecutive years shows strengthening business quality,78
ADANIENT,pro,PRO-11,Revenue growing slower than profits shows improving operating leverage and scale benefits,75
ADANIENT,con,CON-05,Revenue contraction over 2 consecutive years indicates demand weakness or market share loss,82
ADANIENT,con,CON-10,Return on capital employed below 10% suggests the business is not generating sufficient returns on invested capital,80
ADANIENT,con,CON-11,Net debt exceeding 3 times EBITDA is a high leverage ratio and limits financial flexibility,82
ADANIGREEN,pro,PRO-04,Revenue growing at above 15% CAGR over 5 years reflects strong business momentum,85
ADANIGREEN,pro,PRO-05,Operating profit margin above 25% indicates strong pricing power and cost discipline,82
ADANIGREEN,con,CON-01,Debt-to-equity ratio of 6.6 is elevated for a non-financial company and warrants monitoring,85
ADANIGREEN,con,CON-10,Return on capital employed below 10% suggests the business is not generating sufficient returns on invested capital,80
ADANIGREEN,con,CON-11,Net debt exceeding 3 times EBITDA is a high leverage ratio and limits financial flexibility,82
ADANIPORTS,pro,PRO-04,Revenue growing at above 15% CAGR over 5 years reflects strong business momentum,85
ADANIPORTS,pro,PRO-05,Operating profit margin above 25% indicates strong pricing power and cost discipline,82
ADANIPORTS,pro,PRO-10,Return on equity improving for 3 consecutive years shows strengthening business quality,78
ADANIPORTS,con,CON-11,Net debt exceeding 3 times EBITDA is a high leverage ratio and limits financial flexibility,82
ADANIPOWER,pro,PRO-01,Consistently high return on equity above 20% demonstrates exceptional capital efficiency,90
ADANIPOWER,pro,PRO-02,Strong free cash flow generation over 5 years signals healthy business fundamentals,88
ADANIPOWER,pro,PRO-04,Revenue growing at above 15% CAGR over 5 years reflects strong business momentum,85
ADANIPOWER,pro,PRO-05,Operating profit margin above 25% indicates strong pricing power and cost discipline,82
ADANIPOWER,pro,PRO-10,Return on equity improving for 3 consecutive years shows strengthening business quality,78
ADANIPOWER,pro,PRO-12,Growing asset base funded by internal accruals reflects self-sustaining growth,80
AMBUJACEM,pro,PRO-07,Very high interest coverage ratio reflects negligible financial stress from debt servicing,88
AMBUJACEM,pro,PRO-11,Revenue growing slower than profits shows improving operating leverage and scale benefits,75
APOLLOHOSP,pro,PRO-02,Strong free cash flow generation over 5 years signals healthy business fundamentals,88
APOLLOHOSP,pro,PRO-06,Net profit compounding at above 20% over 5 years creates significant shareholder value,85
APOLLOHOSP,pro,PRO-08,Consistent dividend yield above 2% backed by positive free cash flow,65
APOLLOHOSP,pro,PRO-09,Earnings per share growing above 15% CAGR indicates strong earnings quality and compounding,84
APOLLOHOSP,pro,PRO-11,Revenue growing slower than profits shows improving operating leverage and scale benefits,75
ASIANPAINT,pro,PRO-01,Consistently high return on equity above 20% demonstrates exceptional capital efficiency,90
ASIANPAINT,pro,PRO-02,Strong free cash flow generation over 5 years signals healthy business fundamentals,88
ASIANPAINT,pro,PRO-06,Net profit compounding at above 20% over 5 years creates significant shareholder value,85
ASIANPAINT,pro,PRO-07,Very high interest coverage ratio reflects negligible financial stress from debt servicing,88
ASIANPAINT,pro,PRO-08,Consistent dividend yield above 2% backed by positive free cash flow,65
ASIANPAINT,pro,PRO-09,Earnings per share growing above 15% CAGR indicates strong earnings quality and compounding,84
ASIANPAINT,pro,PRO-10,Return on equity improving for 3 consecutive years shows strengthening business quality,78
ASIANPAINT,pro,PRO-11,Revenue growing slower than profits shows improving operating leverage and scale benefits,75
ASIANPAINT,con,CON-08,Rising debt-to-equity ratio over 3 years suggests increasing financial leverage risk,78
ATGL,pro,PRO-04,Revenue growing at above 15% CAGR over 5 years reflects strong business momentum,85
ATGL,pro,PRO-06,Net profit compounding at above 20% over 5 years creates significant shareholder value,85
ATGL,pro,PRO-07,Very high interest coverage ratio reflects negligible financial stress from debt servicing,88
ATGL,pro,PRO-09,Earnings per share growing above 15% CAGR indicates strong earnings quality and compounding,84
ATGL,pro,PRO-11,Revenue growing slower than profits shows improving operating leverage and scale benefits,75
AXISBANK,pro,PRO-05,Operating profit margin above 25% indicates strong pricing power and cost discipline,82
AXISBANK,pro,PRO-06,Net profit compounding at above 20% over 5 years creates significant shareholder value,85
AXISBANK,pro,PRO-09,Earnings per share growing above 15% CAGR indicates strong earnings quality and compounding,84
AXISBANK,pro,PRO-11,Revenue growing slower than profits shows improving operating leverage and scale benefits,75
AXISBANK,con,CON-10,Return on capital employed below 10% suggests the business is not generating sufficient returns on invested capital,80
AXISBANK,con,CON-11,Net debt exceeding 3 times EBITDA is a high leverage ratio and limits financial flexibility,82
BAJAJ-AUTO,pro,PRO-01,Consistently high return on equity above 20% demonstrates exceptional capital efficiency,90
BAJAJ-AUTO,pro,PRO-02,Strong free cash flow generation over 5 years signals healthy business fundamentals,88
BAJAJ-AUTO,pro,PRO-07,Very high interest coverage ratio reflects negligible financial stress from debt servicing,88
BAJAJ-AUTO,pro,PRO-08,Consistent dividend yield above 2% backed by positive free cash flow,65
BAJAJ-AUTO,pro,PRO-11,Revenue growing slower than profits shows improving operating leverage and scale benefits,75
BAJAJ-AUTO,con,CON-08,Rising debt-to-equity ratio over 3 years suggests increasing financial leverage risk,78
BAJAJFINSV,pro,PRO-01,Consistently high return on equity above 20% demonstrates exceptional capital efficiency,90
BAJAJFINSV,pro,PRO-04,Revenue growing at above 15% CAGR over 5 years reflects strong business momentum,85
BAJAJFINSV,pro,PRO-05,Operating profit margin above 25% indicates strong pricing power and cost discipline,82
BAJAJFINSV,pro,PRO-06,Net profit compounding at above 20% over 5 years creates significant shareholder value,85
BAJAJFINSV,pro,PRO-09,Earnings per share growing above 15% CAGR indicates strong earnings quality and compounding,84
BAJAJFINSV,pro,PRO-11,Revenue growing slower than profits shows improving operating leverage and scale benefits,75
BAJAJFINSV,con,CON-02,Free cash flow negative for 3 consecutive years raises concern about cash generation quality,88
BAJAJFINSV,con,CON-08,Rising debt-to-equity ratio over 3 years suggests increasing financial leverage risk,78
BAJAJFINSV,con,CON-11,Net debt exceeding 3 times EBITDA is a high leverage ratio and limits financial flexibility,82
BAJAJHLDNG,pro,PRO-04,Revenue growing at above 15% CAGR over 5 years reflects strong business momentum,85
BAJAJHLDNG,pro,PRO-05,Operating profit margin above 25% indicates strong pricing power and cost discipline,82
BAJAJHLDNG,pro,PRO-07,Very high interest coverage ratio reflects negligible financial stress from debt servicing,88
BAJAJHLDNG,pro,PRO-09,Earnings per share growing above 15% CAGR indicates strong earnings quality and compounding,84
BAJAJHLDNG,pro,PRO-10,Return on equity improving for 3 consecutive years shows strengthening business quality,78
BAJAJHLDNG,con,CON-10,Return on capital employed below 10% suggests the business is not generating sufficient returns on invested capital,80
BAJFINANCE,pro,PRO-04,Revenue growing at above 15% CAGR over 5 years reflects strong business momentum,85
BAJFINANCE,pro,PRO-05,Operating profit margin above 25% indicates strong pricing power and cost discipline,82
BAJFINANCE,pro,PRO-06,Net profit compounding at above 20% over 5 years creates significant shareholder value,85
BAJFINANCE,pro,PRO-07,Very high interest coverage ratio reflects negligible financial stress from debt servicing,88
BAJFINANCE,pro,PRO-09,Earnings per share growing above 15% CAGR indicates strong earnings quality and compounding,84
BAJFINANCE,pro,PRO-11,Revenue growing slower than profits shows improving operating leverage and scale benefits,75
BAJFINANCE,con,CON-02,Free cash flow negative for 3 consecutive years raises concern about cash generation quality,88
BAJFINANCE,con,CON-03,Operating margins declining for 3 consecutive years suggest pricing or cost pressure,80
BAJFINANCE,con,CON-10,Return on capital employed below 10% suggests the business is not generating sufficient returns on invested capital,80
BAJFINANCE,con,CON-11,Net debt exceeding 3 times EBITDA is a high leverage ratio and limits financial flexibility,82
BANKBARODA,pro,PRO-04,Revenue growing at above 15% CAGR over 5 years reflects strong business momentum,85
BANKBARODA,pro,PRO-05,Operating profit margin above 25% indicates strong pricing power and cost discipline,82
BANKBARODA,pro,PRO-06,Net profit compounding at above 20% over 5 years creates significant shareholder value,85
BANKBARODA,pro,PRO-09,Earnings per share growing above 15% CAGR indicates strong earnings quality and compounding,84
BANKBARODA,pro,PRO-10,Return on equity improving for 3 consecutive years shows strengthening business quality,78
BANKBARODA,pro,PRO-11,Revenue growing slower than profits shows improving operating leverage and scale benefits,75
BANKBARODA,con,CON-03,Operating margins declining for 3 consecutive years suggest pricing or cost pressure,80
BANKBARODA,con,CON-10,Return on capital employed below 10% suggests the business is not generating sufficient returns on invested capital,80
BANKBARODA,con,CON-11,Net debt exceeding 3 times EBITDA is a high leverage ratio and limits financial flexibility,82
BEL,pro,PRO-01,Consistently high return on equity above 20% demonstrates exceptional capital efficiency,90
BEL,pro,PRO-07,Very high interest coverage ratio reflects negligible financial stress from debt servicing,88
BEL,pro,PRO-10,Return on equity improving for 3 consecutive years shows strengthening business quality,78
BEL,pro,PRO-11,Revenue growing slower than profits shows improving operating leverage and scale benefits,75
BHARTIARTL,pro,PRO-05,Operating profit margin above 25% indicates strong pricing power and cost discipline,82
BHARTIARTL,pro,PRO-06,Net profit compounding at above 20% over 5 years creates significant shareholder value,85
BHARTIARTL,pro,PRO-08,Consistent dividend yield above 2% backed by positive free cash flow,65
BHARTIARTL,pro,PRO-09,Earnings per share growing above 15% CAGR indicates strong earnings quality and compounding,84
BHARTIARTL,pro,PRO-11,Revenue growing slower than profits shows improving operating leverage and scale benefits,75
BHARTIARTL,con,CON-01,Debt-to-equity ratio of 2.6 is elevated for a non-financial company and warrants monitoring,85
BHEL,con,CON-08,Rising debt-to-equity ratio over 3 years suggests increasing financial leverage risk,78
BHEL,con,CON-10,Return on capital employed below 10% suggests the business is not generating sufficient returns on invested capital,80
BHEL,con,CON-11,Net debt exceeding 3 times EBITDA is a high leverage ratio and limits financial flexibility,82
BHEL,con,CON-12,Revenue growing at below 5% over 5 years lags inflation and suggests limited business momentum,75
BOSCHLTD,pro,PRO-02,Strong free cash flow generation over 5 years signals healthy business fundamentals,88
BOSCHLTD,pro,PRO-07,Very high interest coverage ratio reflects negligible financial stress from debt servicing,88
BOSCHLTD,pro,PRO-08,Consistent dividend yield above 2% backed by positive free cash flow,65
BOSCHLTD,pro,PRO-10,Return on equity improving for 3 consecutive years shows strengthening business quality,78
BOSCHLTD,pro,PRO-11,Revenue growing slower than profits shows improving operating leverage and scale benefits,75
BOSCHLTD,pro,PRO-12,Growing asset base funded by internal accruals reflects self-sustaining growth,80
BPCL,pro,PRO-06,Net profit compounding at above 20% over 5 years creates significant shareholder value,85
BPCL,pro,PRO-07,Very high interest coverage ratio reflects negligible financial stress from debt servicing,88
BPCL,pro,PRO-08,Consistent dividend yield above 2% backed by positive free cash flow,65
BPCL,pro,PRO-09,Earnings per share growing above 15% CAGR indicates strong earnings quality and compounding,84
BPCL,pro,PRO-11,Revenue growing slower than profits shows improving operating leverage and scale benefits,75
BPCL,con,CON-05,Revenue contraction over 2 consecutive years indicates demand weakness or market share loss,82
BRITANNIA,pro,PRO-01,Consistently high return on equity above 20% demonstrates exceptional capital efficiency,90
BRITANNIA,pro,PRO-07,Very high interest coverage ratio reflects negligible financial stress from debt servicing,88
BRITANNIA,pro,PRO-08,Consistent dividend yield above 2% backed by positive free cash flow,65
BRITANNIA,pro,PRO-11,Revenue growing slower than profits shows improving operating leverage and scale benefits,75
CANBK,pro,PRO-04,Revenue growing at above 15% CAGR over 5 years reflects strong business momentum,85
CANBK,pro,PRO-05,Operating profit margin above 25% indicates strong pricing power and cost discipline,82
CANBK,pro,PRO-06,Net profit compounding at above 20% over 5 years creates significant shareholder value,85
CANBK,pro,PRO-09,Earnings per share growing above 15% CAGR indicates strong earnings quality and compounding,84
CANBK,pro,PRO-10,Return on equity improving for 3 consecutive years shows strengthening business quality,78
CANBK,pro,PRO-11,Revenue growing slower than profits shows improving operating leverage and scale benefits,75
CANBK,con,CON-03,Operating margins declining for 3 consecutive years suggest pricing or cost pressure,80
CANBK,con,CON-10,Return on capital employed below 10% suggests the business is not generating sufficient returns on invested capital,80
CANBK,con,CON-11,Net debt exceeding 3 times EBITDA is a high leverage ratio and limits financial flexibility,82
CHOLAFIN,pro,PRO-04,Revenue growing at above 15% CAGR over 5 years reflects strong business momentum,85
CHOLAFIN,pro,PRO-05,Operating profit margin above 25% indicates strong pricing power and cost discipline,82
CHOLAFIN,pro,PRO-06,Net profit compounding at above 20% over 5 years creates significant shareholder value,85
CHOLAFIN,pro,PRO-07,Very high interest coverage ratio reflects negligible financial stress from debt servicing,88
CHOLAFIN,pro,PRO-09,Earnings per share growing above 15% CAGR indicates strong earnings quality and compounding,84
CHOLAFIN,pro,PRO-11,Revenue growing slower than profits shows improving operating leverage and scale benefits,75
CHOLAFIN,con,CON-02,Free cash flow negative for 3 consecutive years raises concern about cash generation quality,88
CHOLAFIN,con,CON-03,Operating margins declining for 3 consecutive years suggest pricing or cost pressure,80
CHOLAFIN,con,CON-08,Rising debt-to-equity ratio over 3 years suggests increasing financial leverage risk,78
CHOLAFIN,con,CON-10,Return on capital employed below 10% suggests the business is not generating sufficient returns on invested capital,80
CHOLAFIN,con,CON-11,Net debt exceeding 3 times EBITDA is a high leverage ratio and limits financial flexibility,82
CIPLA,pro,PRO-02,Strong free cash flow generation over 5 years signals healthy business fundamentals,88
CIPLA,pro,PRO-05,Operating profit margin above 25% indicates strong pricing power and cost discipline,82
CIPLA,pro,PRO-06,Net profit compounding at above 20% over 5 years creates significant shareholder value,85
CIPLA,pro,PRO-07,Very high interest coverage ratio reflects negligible financial stress from debt servicing,88
CIPLA,pro,PRO-08,Consistent dividend yield above 2% backed by positive free cash flow,65
CIPLA,pro,PRO-09,Earnings per share growing above 15% CAGR indicates strong earnings quality and compounding,84
CIPLA,pro,PRO-11,Revenue growing slower than profits shows improving operating leverage and scale benefits,75
CIPLA,pro,PRO-12,Growing asset base funded by internal accruals reflects self-sustaining growth,80
CIPLA,con,CON-03,Operating margins declining for 3 consecutive years suggest pricing or cost pressure,80
COALINDIA,pro,PRO-01,Consistently high return on equity above 20% demonstrates exceptional capital efficiency,90
COALINDIA,pro,PRO-02,Strong free cash flow generation over 5 years signals healthy business fundamentals,88
COALINDIA,pro,PRO-05,Operating profit margin above 25% indicates strong pricing power and cost discipline,82
COALINDIA,pro,PRO-07,Very high interest coverage ratio reflects negligible financial stress from debt servicing,88
COALINDIA,pro,PRO-08,Consistent dividend yield above 2% backed by positive free cash flow,65
COALINDIA,pro,PRO-09,Earnings per share growing above 15% CAGR indicates strong earnings quality and compounding,84
COALINDIA,pro,PRO-11,Revenue growing slower than profits shows improving operating leverage and scale benefits,75
COALINDIA,con,CON-03,Operating margins declining for 3 consecutive years suggest pricing or cost pressure,80
DABUR,pro,PRO-02,Strong free cash flow generation over 5 years signals healthy business fundamentals,88
DABUR,pro,PRO-07,Very high interest coverage ratio reflects negligible financial stress from debt servicing,88
DABUR,pro,PRO-08,Consistent dividend yield above 2% backed by positive free cash flow,65
DABUR,con,CON-08,Rising debt-to-equity ratio over 3 years suggests increasing financial leverage risk,78
DIVISLAB,pro,PRO-05,Operating profit margin above 25% indicates strong pricing power and cost discipline,82
DIVISLAB,pro,PRO-07,Very high interest coverage ratio reflects negligible financial stress from debt servicing,88
DIVISLAB,pro,PRO-08,Consistent dividend yield above 2% backed by positive free cash flow,65
DIVISLAB,con,CON-03,Operating margins declining for 3 consecutive years suggest pricing or cost pressure,80
DIVISLAB,con,CON-09,Earnings per share declining for 3 consecutive years reflects deteriorating profitability,82
DLF,pro,PRO-02,Strong free cash flow generation over 5 years signals healthy business fundamentals,88
DLF,pro,PRO-05,Operating profit margin above 25% indicates strong pricing power and cost discipline,82
DLF,pro,PRO-08,Consistent dividend yield above 2% backed by positive free cash flow,65
DLF,pro,PRO-10,Return on equity improving for 3 consecutive years shows strengthening business quality,78
DLF,con,CON-10,Return on capital employed below 10% suggests the business is not generating sufficient returns on invested capital,80
DLF,con,CON-12,Revenue growing at below 5% over 5 years lags inflation and suggests limited business momentum,75
DMART,pro,PRO-04,Revenue growing at above 15% CAGR over 5 years reflects strong business momentum,85
DMART,pro,PRO-06,Net profit compounding at above 20% over 5 years creates significant shareholder value,85
DMART,pro,PRO-07,Very high interest coverage ratio reflects negligible financial stress from debt servicing,88
DMART,pro,PRO-09,Earnings per share growing above 15% CAGR indicates strong earnings quality and compounding,84
DMART,pro,PRO-11,Revenue growing slower than profits shows improving operating leverage and scale benefits,75
DMART,pro,PRO-12,Growing asset base funded by internal accruals reflects self-sustaining growth,80
DRREDDY,pro,PRO-02,Strong free cash flow generation over 5 years signals healthy business fundamentals,88
DRREDDY,pro,PRO-05,Operating profit margin above 25% indicates strong pricing power and cost discipline,82
DRREDDY,pro,PRO-06,Net profit compounding at above 20% over 5 years creates significant shareholder value,85
DRREDDY,pro,PRO-07,Very high interest coverage ratio reflects negligible financial stress from debt servicing,88
DRREDDY,pro,PRO-09,Earnings per share growing above 15% CAGR indicates strong earnings quality and compounding,84
DRREDDY,pro,PRO-10,Return on equity improving for 3 consecutive years shows strengthening business quality,78
DRREDDY,pro,PRO-11,Revenue growing slower than profits shows improving operating leverage and scale benefits,75
EICHERMOT,pro,PRO-02,Strong free cash flow generation over 5 years signals healthy business fundamentals,88
EICHERMOT,pro,PRO-05,Operating profit margin above 25% indicates strong pricing power and cost discipline,82
EICHERMOT,pro,PRO-07,Very high interest coverage ratio reflects negligible financial stress from debt servicing,88
EICHERMOT,pro,PRO-08,Consistent dividend yield above 2% backed by positive free cash flow,65
EICHERMOT,pro,PRO-10,Return on equity improving for 3 consecutive years shows strengthening business quality,78
EICHERMOT,pro,PRO-11,Revenue growing slower than profits shows improving operating leverage and scale benefits,75
EICHERMOT,con,CON-08,Rising debt-to-equity ratio over 3 years suggests increasing financial leverage risk,78
GAIL,pro,PRO-07,Very high interest coverage ratio reflects negligible financial stress from debt servicing,88
GAIL,pro,PRO-08,Consistent dividend yield above 2% backed by positive free cash flow,65
GAIL,con,CON-05,Revenue contraction over 2 consecutive years indicates demand weakness or market share loss,82
GAIL,con,CON-08,Rising debt-to-equity ratio over 3 years suggests increasing financial leverage risk,78
GODREJCP,con,CON-04,Company reported a net loss in the most recent financial year,95
GRASIM,pro,PRO-06,Net profit compounding at above 20% over 5 years creates significant shareholder value,85
GRASIM,pro,PRO-09,Earnings per share growing above 15% CAGR indicates strong earnings quality and compounding,84
GRASIM,pro,PRO-11,Revenue growing slower than profits shows improving operating leverage and scale benefits,75
GRASIM,con,CON-08,Rising debt-to-equity ratio over 3 years suggests increasing financial leverage risk,78
GRASIM,con,CON-09,Earnings per share declining for 3 consecutive years reflects deteriorating profitability,82
GRASIM,con,CON-10,Return on capital employed below 10% suggests the business is not generating sufficient returns on invested capital,80
GRASIM,con,CON-11,Net debt exceeding 3 times EBITDA is a high leverage ratio and limits financial flexibility,82
HAL,pro,PRO-01,Consistently high return on equity above 20% demonstrates exceptional capital efficiency,90
HAL,pro,PRO-05,Operating profit margin above 25% indicates strong pricing power and cost discipline,82
HAL,pro,PRO-06,Net profit compounding at above 20% over 5 years creates significant shareholder value,85
HAL,pro,PRO-07,Very high interest coverage ratio reflects negligible financial stress from debt servicing,88
HAL,pro,PRO-08,Consistent dividend yield above 2% backed by positive free cash flow,65
HAL,pro,PRO-09,Earnings per share growing above 15% CAGR indicates strong earnings quality and compounding,84
HAL,pro,PRO-11,Revenue growing slower than profits shows improving operating leverage and scale benefits,75
HAL,con,CON-08,Rising debt-to-equity ratio over 3 years suggests increasing financial leverage risk,78
HAVELLS,pro,PRO-07,Very high interest coverage ratio reflects negligible financial stress from debt servicing,88
HAVELLS,pro,PRO-08,Consistent dividend yield above 2% backed by positive free cash flow,65
HCLTECH,pro,PRO-01,Consistently high return on equity above 20% demonstrates exceptional capital efficiency,90
HCLTECH,pro,PRO-02,Strong free cash flow generation over 5 years signals healthy business fundamentals,88
HCLTECH,pro,PRO-07,Very high interest coverage ratio reflects negligible financial stress from debt servicing,88
HCLTECH,pro,PRO-08,Consistent dividend yield above 2% backed by positive free cash flow,65
HCLTECH,pro,PRO-10,Return on equity improving for 3 consecutive years shows strengthening business quality,78
HCLTECH,con,CON-03,Operating margins declining for 3 consecutive years suggest pricing or cost pressure,80
HDFCBANK,pro,PRO-04,Revenue growing at above 15% CAGR over 5 years reflects strong business momentum,85
HDFCBANK,pro,PRO-05,Operating profit margin above 25% indicates strong pricing power and cost discipline,82
HDFCBANK,pro,PRO-06,Net profit compounding at above 20% over 5 years creates significant shareholder value,85
HDFCBANK,pro,PRO-08,Consistent dividend yield above 2% backed by positive free cash flow,65
HDFCBANK,pro,PRO-09,Earnings per share growing above 15% CAGR indicates strong earnings quality and compounding,84
HDFCBANK,pro,PRO-11,Revenue growing slower than profits shows improving operating leverage and scale benefits,75
HDFCBANK,con,CON-06,Interest coverage ratio below 1.5x indicates the company is at risk of not meeting its debt obligations,90
HDFCBANK,con,CON-10,Return on capital employed below 10% suggests the business is not generating sufficient returns on invested capital,80
HDFCBANK,con,CON-11,Net debt exceeding 3 times EBITDA is a high leverage ratio and limits financial flexibility,82
HDFCLIFE,pro,PRO-04,Revenue growing at above 15% CAGR over 5 years reflects strong business momentum,85
HDFCLIFE,pro,PRO-05,Operating profit margin above 25% indicates strong pricing power and cost discipline,82
HDFCLIFE,pro,PRO-07,Very high interest coverage ratio reflects negligible financial stress from debt servicing,88
HDFCLIFE,pro,PRO-10,Return on equity improving for 3 consecutive years shows strengthening business quality,78
HEROMOTOCO,pro,PRO-02,Strong free cash flow generation over 5 years signals healthy business fundamentals,88
HEROMOTOCO,pro,PRO-05,Operating profit margin above 25% indicates strong pricing power and cost discipline,82
HEROMOTOCO,pro,PRO-07,Very high interest coverage ratio reflects negligible financial stress from debt servicing,88
HEROMOTOCO,pro,PRO-08,Consistent dividend yield above 2% backed by positive free cash flow,65
HEROMOTOCO,pro,PRO-10,Return on equity improving for 3 consecutive years shows strengthening business quality,78
HEROMOTOCO,con,CON-03,Operating margins declining for 3 consecutive years suggest pricing or cost pressure,80
HEROMOTOCO,con,CON-12,Revenue growing at below 5% over 5 years lags inflation and suggests limited business momentum,75
HINDALCO,pro,PRO-05,Operating profit margin above 25% indicates strong pricing power and cost discipline,82
HINDALCO,pro,PRO-07,Very high interest coverage ratio reflects negligible financial stress from debt servicing,88
HINDALCO,pro,PRO-11,Revenue growing slower than profits shows improving operating leverage and scale benefits,75
HINDALCO,pro,PRO-12,Growing asset base funded by internal accruals reflects self-sustaining growth,80
HINDALCO,con,CON-05,Revenue contraction over 2 consecutive years indicates demand weakness or market share loss,82
HINDUNILVR,pro,PRO-02,Strong free cash flow generation over 5 years signals healthy business fundamentals,88
HINDUNILVR,pro,PRO-05,Operating profit margin above 25% indicates strong pricing power and cost discipline,82
HINDUNILVR,pro,PRO-07,Very high interest coverage ratio reflects negligible financial stress from debt servicing,88
HINDUNILVR,pro,PRO-08,Consistent dividend yield above 2% backed by positive free cash flow,65
HINDUNILVR,pro,PRO-11,Revenue growing slower than profits shows improving operating leverage and scale benefits,75
HINDUNILVR,con,CON-08,Rising debt-to-equity ratio over 3 years suggests increasing financial leverage risk,78
ICICIBANK,pro,PRO-04,Revenue growing at above 15% CAGR over 5 years reflects strong business momentum,85
ICICIBANK,pro,PRO-05,Operating profit margin above 25% indicates strong pricing power and cost discipline,82
ICICIBANK,pro,PRO-06,Net profit compounding at above 20% over 5 years creates significant shareholder value,85
ICICIBANK,pro,PRO-09,Earnings per share growing above 15% CAGR indicates strong earnings quality and compounding,84
ICICIBANK,pro,PRO-10,Return on equity improving for 3 consecutive years shows strengthening business quality,78
ICICIBANK,pro,PRO-11,Revenue growing slower than profits shows improving operating leverage and scale benefits,75
ICICIBANK,con,CON-03,Operating margins declining for 3 consecutive years suggest pricing or cost pressure,80
ICICIBANK,con,CON-06,Interest coverage ratio below 1.5x indicates the company is at risk of not meeting its debt obligations,90
ICICIBANK,con,CON-10,Return on capital employed below 10% suggests the business is not generating sufficient returns on invested capital,80
ICICIBANK,con,CON-11,Net debt exceeding 3 times EBITDA is a high leverage ratio and limits financial flexibility,82
ICICIGI,pro,PRO-02,Strong free cash flow generation over 5 years signals healthy business fundamentals,88
ICICIGI,pro,PRO-05,Operating profit margin above 25% indicates strong pricing power and cost discipline,82
ICICIGI,pro,PRO-07,Very high interest coverage ratio reflects negligible financial stress from debt servicing,88
ICICIGI,pro,PRO-08,Consistent dividend yield above 2% backed by positive free cash flow,65
ICICIGI,con,CON-03,Operating margins declining for 3 consecutive years suggest pricing or cost pressure,80
ICICIPRULI,pro,PRO-04,Revenue growing at above 15% CAGR over 5 years reflects strong business momentum,85
ICICIPRULI,pro,PRO-05,Operating profit margin above 25% indicates strong pricing power and cost discipline,82
ICICIPRULI,pro,PRO-07,Very high interest coverage ratio reflects negligible financial stress from debt servicing,88
INDIGO,pro,PRO-02,Strong free cash flow generation over 5 years signals healthy business fundamentals,88
INDIGO,pro,PRO-04,Revenue growing at above 15% CAGR over 5 years reflects strong business momentum,85
INDIGO,pro,PRO-05,Operating profit margin above 25% indicates strong pricing power and cost discipline,82
INDIGO,pro,PRO-06,Net profit compounding at above 20% over 5 years creates significant shareholder value,85
INDIGO,pro,PRO-07,Very high interest coverage ratio reflects negligible financial stress from debt servicing,88
INDIGO,pro,PRO-09,Earnings per share growing above 15% CAGR indicates strong earnings quality and compounding,84
INDIGO,pro,PRO-10,Return on equity improving for 3 consecutive years shows strengthening business quality,78
INDIGO,pro,PRO-11,Revenue growing slower than profits shows improving operating leverage and scale benefits,75
INDIGO,con,CON-03,Operating margins declining for 3 consecutive years suggest pricing or cost pressure,80
INDUSINDBK,pro,PRO-04,Revenue growing at above 15% CAGR over 5 years reflects strong business momentum,85
INDUSINDBK,pro,PRO-05,Operating profit margin above 25% indicates strong pricing power and cost discipline,82
INDUSINDBK,pro,PRO-06,Net profit compounding at above 20% over 5 years creates significant shareholder value,85
INDUSINDBK,pro,PRO-09,Earnings per share growing above 15% CAGR indicates strong earnings quality and compounding,84
INDUSINDBK,pro,PRO-10,Return on equity improving for 3 consecutive years shows strengthening business quality,78
INDUSINDBK,pro,PRO-11,Revenue growing slower than profits shows improving operating leverage and scale benefits,75
INDUSINDBK,con,CON-03,Operating margins declining for 3 consecutive years suggest pricing or cost pressure,80
INDUSINDBK,con,CON-10,Return on capital employed below 10% suggests the business is not generating sufficient returns on invested capital,80
INDUSINDBK,con,CON-11,Net debt exceeding 3 times EBITDA is a high leverage ratio and limits financial flexibility,82
INFY,pro,PRO-01,Consistently high return on equity above 20% demonstrates exceptional capital efficiency,90
INFY,pro,PRO-02,Strong free cash flow generation over 5 years signals healthy business fundamentals,88
INFY,pro,PRO-07,Very high interest coverage ratio reflects negligible financial stress from debt servicing,88
INFY,con,CON-03,Operating margins declining for 3 consecutive years suggest pricing or cost pressure,80
IOC,pro,PRO-06,Net profit compounding at above 20% over 5 years creates significant shareholder value,85
IOC,pro,PRO-07,Very high interest coverage ratio reflects negligible financial stress from debt servicing,88
IOC,pro,PRO-08,Consistent dividend yield above 2% backed by positive free cash flow,65
IOC,pro,PRO-09,Earnings per share growing above 15% CAGR indicates strong earnings quality and compounding,84
IOC,pro,PRO-11,Revenue growing slower than profits shows improving operating leverage and scale benefits,75
IOC,con,CON-05,Revenue contraction over 2 consecutive years indicates demand weakness or market share loss,82
IRCTC,pro,PRO-01,Consistently high return on equity above 20% demonstrates exceptional capital efficiency,90
IRCTC,pro,PRO-04,Revenue growing at above 15% CAGR over 5 years reflects strong business momentum,85
IRCTC,pro,PRO-05,Operating profit margin above 25% indicates strong pricing power and cost discipline,82
IRCTC,pro,PRO-06,Net profit compounding at above 20% over 5 years creates significant shareholder value,85
IRCTC,pro,PRO-07,Very high interest coverage ratio reflects negligible financial stress from debt servicing,88
IRCTC,pro,PRO-08,Consistent dividend yield above 2% backed by positive free cash flow,65
IRCTC,pro,PRO-09,Earnings per share growing above 15% CAGR indicates strong earnings quality and compounding,84
IRCTC,pro,PRO-11,Revenue growing slower than profits shows improving operating leverage and scale benefits,75
IRCTC,pro,PRO-12,Growing asset base funded by internal accruals reflects self-sustaining growth,80
IRCTC,con,CON-03,Operating margins declining for 3 consecutive years suggest pricing or cost pressure,80
IRFC,pro,PRO-04,Revenue growing at above 15% CAGR over 5 years reflects strong business momentum,85
IRFC,pro,PRO-05,Operating profit margin above 25% indicates strong pricing power and cost discipline,82
IRFC,pro,PRO-06,Net profit compounding at above 20% over 5 years creates significant shareholder value,85
IRFC,pro,PRO-08,Consistent dividend yield above 2% backed by positive free cash flow,65
IRFC,pro,PRO-09,Earnings per share growing above 15% CAGR indicates strong earnings quality and compounding,84
IRFC,pro,PRO-11,Revenue growing slower than profits shows improving operating leverage and scale benefits,75
IRFC,con,CON-06,Interest coverage ratio below 1.5x indicates the company is at risk of not meeting its debt obligations,90
IRFC,con,CON-10,Return on capital employed below 10% suggests the business is not generating sufficient returns on invested capital,80
IRFC,con,CON-11,Net debt exceeding 3 times EBITDA is a high leverage ratio and limits financial flexibility,82
ITC,pro,PRO-01,Consistently high return on equity above 20% demonstrates exceptional capital efficiency,90
ITC,pro,PRO-02,Strong free cash flow generation over 5 years signals healthy business fundamentals,88
ITC,pro,PRO-05,Operating profit margin above 25% indicates strong pricing power and cost discipline,82
ITC,pro,PRO-07,Very high interest coverage ratio reflects negligible financial stress from debt servicing,88
ITC,pro,PRO-08,Consistent dividend yield above 2% backed by positive free cash flow,65
ITC,pro,PRO-11,Revenue growing slower than profits shows improving operating leverage and scale benefits,75
ITC,con,CON-05,Revenue contraction over 2 consecutive years indicates demand weakness or market share loss,82
JINDALSTEL,con,CON-05,Revenue contraction over 2 consecutive years indicates demand weakness or market share loss,82
JINDALSTEL,con,CON-12,Revenue growing at below 5% over 5 years lags inflation and suggests limited business momentum,75
JIOFIN,pro,PRO-03,Debt-free balance sheet provides financial flexibility and eliminates interest burden,95
JIOFIN,pro,PRO-05,Operating profit margin above 25% indicates strong pricing power and cost discipline,82
JIOFIN,pro,PRO-07,Very high interest coverage ratio reflects negligible financial stress from debt servicing,88
JIOFIN,con,CON-10,Return on capital employed below 10% suggests the business is not generating sufficient returns on invested capital,80
JSWENERGY,pro,PRO-05,Operating profit margin above 25% indicates strong pricing power and cost discipline,82
JSWENERGY,pro,PRO-06,Net profit compounding at above 20% over 5 years creates significant shareholder value,85
JSWENERGY,pro,PRO-09,Earnings per share growing above 15% CAGR indicates strong earnings quality and compounding,84
JSWENERGY,pro,PRO-11,Revenue growing slower than profits shows improving operating leverage and scale benefits,75
JSWENERGY,con,CON-08,Rising debt-to-equity ratio over 3 years suggests increasing financial leverage risk,78
JSWENERGY,con,CON-10,Return on capital employed below 10% suggests the business is not generating sufficient returns on invested capital,80
JSWENERGY,con,CON-11,Net debt exceeding 3 times EBITDA is a high leverage ratio and limits financial flexibility,82
JSWENERGY,con,CON-12,Revenue growing at below 5% over 5 years lags inflation and suggests limited business momentum,75
JSWSTEEL,pro,PRO-04,Revenue growing at above 15% CAGR over 5 years reflects strong business momentum,85
JSWSTEEL,con,CON-11,Net debt exceeding 3 times EBITDA is a high leverage ratio and limits financial flexibility,82
KOTAKBANK,pro,PRO-05,Operating profit margin above 25% indicates strong pricing power and cost discipline,82
KOTAKBANK,pro,PRO-06,Net profit compounding at above 20% over 5 years creates significant shareholder value,85
KOTAKBANK,pro,PRO-09,Earnings per share growing above 15% CAGR indicates strong earnings quality and compounding,84
KOTAKBANK,pro,PRO-10,Return on equity improving for 3 consecutive years shows strengthening business quality,78
KOTAKBANK,pro,PRO-11,Revenue growing slower than profits shows improving operating leverage and scale benefits,75
KOTAKBANK,con,CON-06,Interest coverage ratio below 1.5x indicates the company is at risk of not meeting its debt obligations,90
KOTAKBANK,con,CON-10,Return on capital employed below 10% suggests the business is not generating sufficient returns on invested capital,80
KOTAKBANK,con,CON-11,Net debt exceeding 3 times EBITDA is a high leverage ratio and limits financial flexibility,82
LICI,pro,PRO-01,Consistently high return on equity above 20% demonstrates exceptional capital efficiency,90
LICI,pro,PRO-02,Strong free cash flow generation over 5 years signals healthy business fundamentals,88
LICI,pro,PRO-03,Debt-free balance sheet provides financial flexibility and eliminates interest burden,95
LICI,pro,PRO-06,Net profit compounding at above 20% over 5 years creates significant shareholder value,85
LICI,pro,PRO-07,Very high interest coverage ratio reflects negligible financial stress from debt servicing,88
LICI,pro,PRO-11,Revenue growing slower than profits shows improving operating leverage and scale benefits,75
LODHA,pro,PRO-05,Operating profit margin above 25% indicates strong pricing power and cost discipline,82
LODHA,pro,PRO-12,Growing asset base funded by internal accruals reflects self-sustaining growth,80
LODHA,con,CON-10,Return on capital employed below 10% suggests the business is not generating sufficient returns on invested capital,80
LODHA,con,CON-12,Revenue growing at below 5% over 5 years lags inflation and suggests limited business momentum,75
LT,pro,PRO-01,Consistently high return on equity above 20% demonstrates exceptional capital efficiency,90
LT,pro,PRO-08,Consistent dividend yield above 2% backed by positive free cash flow,65
LT,pro,PRO-10,Return on equity improving for 3 consecutive years shows strengthening business quality,78
LT,con,CON-03,Operating margins declining for 3 consecutive years suggest pricing or cost pressure,80
LT,con,CON-08,Rising debt-to-equity ratio over 3 years suggests increasing financial leverage risk,78
LTIM,pro,PRO-01,Consistently high return on equity above 20% demonstrates exceptional capital efficiency,90
LTIM,pro,PRO-02,Strong free cash flow generation over 5 years signals healthy business fundamentals,88
LTIM,pro,PRO-04,Revenue growing at above 15% CAGR over 5 years reflects strong business momentum,85
LTIM,pro,PRO-06,Net profit compounding at above 20% over 5 years creates significant shareholder value,85
LTIM,pro,PRO-07,Very high interest coverage ratio reflects negligible financial stress from debt servicing,88
LTIM,pro,PRO-08,Consistent dividend yield above 2% backed by positive free cash flow,65
LTIM,con,CON-03,Operating margins declining for 3 consecutive years suggest pricing or cost pressure,80
LTIM,con,CON-08,Rising debt-to-equity ratio over 3 years suggests increasing financial leverage risk,78
M&M,pro,PRO-09,Earnings per share growing above 15% CAGR indicates strong earnings quality and compounding,84
M&M,pro,PRO-11,Revenue growing slower than profits shows improving operating leverage and scale benefits,75
M&M,con,CON-11,Net debt exceeding 3 times EBITDA is a high leverage ratio and limits financial flexibility,82
MARUTI,pro,PRO-02,Strong free cash flow generation over 5 years signals healthy business fundamentals,88
MARUTI,pro,PRO-07,Very high interest coverage ratio reflects negligible financial stress from debt servicing,88
MARUTI,pro,PRO-08,Consistent dividend yield above 2% backed by positive free cash flow,65
MARUTI,pro,PRO-10,Return on equity improving for 3 consecutive years shows strengthening business quality,78
MARUTI,pro,PRO-11,Revenue growing slower than profits shows improving operating leverage and scale benefits,75
MOTHERSON,pro,PRO-02,Strong free cash flow generation over 5 years signals healthy business fundamentals,88
MOTHERSON,pro,PRO-10,Return on equity improving for 3 consecutive years shows strengthening business quality,78
NAUKRI,pro,PRO-04,Revenue growing at above 15% CAGR over 5 years reflects strong business momentum,85
NAUKRI,pro,PRO-05,Operating profit margin above 25% indicates strong pricing power and cost discipline,82
NAUKRI,pro,PRO-07,Very high interest coverage ratio reflects negligible financial stress from debt servicing,88
NAUKRI,con,CON-08,Rising debt-to-equity ratio over 3 years suggests increasing financial leverage risk,78
NAUKRI,con,CON-10,Return on capital employed below 10% suggests the business is not generating sufficient returns on invested capital,80
NESTLEIND,pro,PRO-01,Consistently high return on equity above 20% demonstrates exceptional capital efficiency,90
NESTLEIND,pro,PRO-02,Strong free cash flow generation over 5 years signals healthy business fundamentals,88
NESTLEIND,pro,PRO-07,Very high interest coverage ratio reflects negligible financial stress from debt servicing,88
NESTLEIND,pro,PRO-08,Consistent dividend yield above 2% backed by positive free cash flow,65
NESTLEIND,pro,PRO-09,Earnings per share growing above 15% CAGR indicates strong earnings quality and compounding,84
NESTLEIND,pro,PRO-11,Revenue growing slower than profits shows improving operating leverage and scale benefits,75
NHPC,pro,PRO-02,Strong free cash flow generation over 5 years signals healthy business fundamentals,88
NHPC,pro,PRO-05,Operating profit margin above 25% indicates strong pricing power and cost discipline,82
NHPC,pro,PRO-07,Very high interest coverage ratio reflects negligible financial stress from debt servicing,88
NHPC,pro,PRO-08,Consistent dividend yield above 2% backed by positive free cash flow,65
NHPC,pro,PRO-11,Revenue growing slower than profits shows improving operating leverage and scale benefits,75
NHPC,con,CON-05,Revenue contraction over 2 consecutive years indicates demand weakness or market share loss,82
NHPC,con,CON-08,Rising debt-to-equity ratio over 3 years suggests increasing financial leverage risk,78
NHPC,con,CON-10,Return on capital employed below 10% suggests the business is not generating sufficient returns on invested capital,80
NHPC,con,CON-11,Net debt exceeding 3 times EBITDA is a high leverage ratio and limits financial flexibility,82
NHPC,con,CON-12,Revenue growing at below 5% over 5 years lags inflation and suggests limited business momentum,75
NTPC,pro,PRO-05,Operating profit margin above 25% indicates strong pricing power and cost discipline,82
NTPC,pro,PRO-08,Consistent dividend yield above 2% backed by positive free cash flow,65
NTPC,con,CON-10,Return on capital employed below 10% suggests the business is not generating sufficient returns on invested capital,80
NTPC,con,CON-11,Net debt exceeding 3 times EBITDA is a high leverage ratio and limits financial flexibility,82
ONGC,pro,PRO-02,Strong free cash flow generation over 5 years signals healthy business fundamentals,88
ONGC,pro,PRO-07,Very high interest coverage ratio reflects negligible financial stress from debt servicing,88
ONGC,pro,PRO-08,Consistent dividend yield above 2% backed by positive free cash flow,65
ONGC,pro,PRO-11,Revenue growing slower than profits shows improving operating leverage and scale benefits,75
ONGC,con,CON-05,Revenue contraction over 2 consecutive years indicates demand weakness or market share loss,82
PFC,pro,PRO-01,Consistently high return on equity above 20% demonstrates exceptional capital efficiency,90
PFC,pro,PRO-05,Operating profit margin above 25% indicates strong pricing power and cost discipline,82
PFC,pro,PRO-11,Revenue growing slower than profits shows improving operating leverage and scale benefits,75
PFC,con,CON-06,Interest coverage ratio below 1.5x indicates the company is at risk of not meeting its debt obligations,90
PFC,con,CON-10,Return on capital employed below 10% suggests the business is not generating sufficient returns on invested capital,80
PFC,con,CON-11,Net debt exceeding 3 times EBITDA is a high leverage ratio and limits financial flexibility,82
PIDILITIND,pro,PRO-07,Very high interest coverage ratio reflects negligible financial stress from debt servicing,88
PIDILITIND,pro,PRO-08,Consistent dividend yield above 2% backed by positive free cash flow,65
PIDILITIND,pro,PRO-11,Revenue growing slower than profits shows improving operating leverage and scale benefits,75
PIDILITIND,pro,PRO-12,Growing asset base funded by internal accruals reflects self-sustaining growth,80
PNB,pro,PRO-01,Consistently high return on equity above 20% demonstrates exceptional capital efficiency,90
PNB,pro,PRO-04,Revenue growing at above 15% CAGR over 5 years reflects strong business momentum,85
PNB,con,CON-06,Interest coverage ratio below 1.5x indicates the company is at risk of not meeting its debt obligations,90
PNB,con,CON-10,Return on capital employed below 10% suggests the business is not generating sufficient returns on invested capital,80
POWERGRID,pro,PRO-02,Strong free cash flow generation over 5 years signals healthy business fundamentals,88
POWERGRID,pro,PRO-05,Operating profit margin above 25% indicates strong pricing power and cost discipline,82
POWERGRID,pro,PRO-08,Consistent dividend yield above 2% backed by positive free cash flow,65
POWERGRID,pro,PRO-11,Revenue growing slower than profits shows improving operating leverage and scale benefits,75
POWERGRID,con,CON-11,Net debt exceeding 3 times EBITDA is a high leverage ratio and limits financial flexibility,82
RECLTD,pro,PRO-05,Operating profit margin above 25% indicates strong pricing power and cost discipline,82
RECLTD,pro,PRO-09,Earnings per share growing above 15% CAGR indicates strong earnings quality and compounding,84
RECLTD,pro,PRO-11,Revenue growing slower than profits shows improving operating leverage and scale benefits,75
RECLTD,con,CON-02,Free cash flow negative for 3 consecutive years raises concern about cash generation quality,88
RECLTD,con,CON-10,Return on capital employed below 10% suggests the business is not generating sufficient returns on invested capital,80
RECLTD,con,CON-11,Net debt exceeding 3 times EBITDA is a high leverage ratio and limits financial flexibility,82
RELIANCE,pro,PRO-11,Revenue growing slower than profits shows improving operating leverage and scale benefits,75
RELIANCE,con,CON-10,Return on capital employed below 10% suggests the business is not generating sufficient returns on invested capital,80
SBILIFE,pro,PRO-03,Debt-free balance sheet provides financial flexibility and eliminates interest burden,95
SBILIFE,pro,PRO-04,Revenue growing at above 15% CAGR over 5 years reflects strong business momentum,85
SBILIFE,pro,PRO-07,Very high interest coverage ratio reflects negligible financial stress from debt servicing,88
SBILIFE,con,CON-10,Return on capital employed below 10% suggests the business is not generating sufficient returns on invested capital,80
SBIN,pro,PRO-03,Debt-free balance sheet provides financial flexibility and eliminates interest burden,95
SBIN,pro,PRO-06,Net profit compounding at above 20% over 5 years creates significant shareholder value,85
SBIN,pro,PRO-09,Earnings per share growing above 15% CAGR indicates strong earnings quality and compounding,84
SBIN,pro,PRO-11,Revenue growing slower than profits shows improving operating leverage and scale benefits,75
SBIN,con,CON-06,Interest coverage ratio below 1.5x indicates the company is at risk of not meeting its debt obligations,90
SHREECEM,pro,PRO-07,Very high interest coverage ratio reflects negligible financial stress from debt servicing,88
SHREECEM,pro,PRO-11,Revenue growing slower than profits shows improving operating leverage and scale benefits,75
SHRIRAMFIN,pro,PRO-04,Revenue growing at above 15% CAGR over 5 years reflects strong business momentum,85
SHRIRAMFIN,pro,PRO-05,Operating profit margin above 25% indicates strong pricing power and cost discipline,82
SHRIRAMFIN,pro,PRO-06,Net profit compounding at above 20% over 5 years creates significant shareholder value,85
SHRIRAMFIN,pro,PRO-10,Return on equity improving for 3 consecutive years shows strengthening business quality,78
SHRIRAMFIN,pro,PRO-11,Revenue growing slower than profits shows improving operating leverage and scale benefits,75
SHRIRAMFIN,con,CON-02,Free cash flow negative for 3 consecutive years raises concern about cash generation quality,88
SHRIRAMFIN,con,CON-06,Interest coverage ratio below 1.5x indicates the company is at risk of not meeting its debt obligations,90
SHRIRAMFIN,con,CON-10,Return on capital employed below 10% suggests the business is not generating sufficient returns on invested capital,80
SHRIRAMFIN,con,CON-11,Net debt exceeding 3 times EBITDA is a high leverage ratio and limits financial flexibility,82
SIEMENS,pro,PRO-07,Very high interest coverage ratio reflects negligible financial stress from debt servicing,88
SIEMENS,pro,PRO-09,Earnings per share growing above 15% CAGR indicates strong earnings quality and compounding,84
SIEMENS,pro,PRO-10,Return on equity improving for 3 consecutive years shows strengthening business quality,78
SIEMENS,pro,PRO-11,Revenue growing slower than profits shows improving operating leverage and scale benefits,75
SUNPHARMA,pro,PRO-05,Operating profit margin above 25% indicates strong pricing power and cost discipline,82
SUNPHARMA,pro,PRO-06,Net profit compounding at above 20% over 5 years creates significant shareholder value,85
SUNPHARMA,pro,PRO-07,Very high interest coverage ratio reflects negligible financial stress from debt servicing,88
SUNPHARMA,pro,PRO-08,Consistent dividend yield above 2% backed by positive free cash flow,65
SUNPHARMA,pro,PRO-09,Earnings per share growing above 15% CAGR indicates strong earnings quality and compounding,84
SUNPHARMA,pro,PRO-11,Revenue growing slower than profits shows improving operating leverage and scale benefits,75
TATACONSUM,pro,PRO-02,Strong free cash flow generation over 5 years signals healthy business fundamentals,88
TATACONSUM,pro,PRO-04,Revenue growing at above 15% CAGR over 5 years reflects strong business momentum,85
TATACONSUM,pro,PRO-06,Net profit compounding at above 20% over 5 years creates significant shareholder value,85
TATACONSUM,pro,PRO-07,Very high interest coverage ratio reflects negligible financial stress from debt servicing,88
TATACONSUM,pro,PRO-08,Consistent dividend yield above 2% backed by positive free cash flow,65
TATACONSUM,pro,PRO-11,Revenue growing slower than profits shows improving operating leverage and scale benefits,75
TATACONSUM,con,CON-08,Rising debt-to-equity ratio over 3 years suggests increasing financial leverage risk,78
TATACONSUM,con,CON-10,Return on capital employed below 10% suggests the business is not generating sufficient returns on invested capital,80
TATAMOTORS,pro,PRO-10,Return on equity improving for 3 consecutive years shows strengthening business quality,78
TATAMOTORS,pro,PRO-12,Growing asset base funded by internal accruals reflects self-sustaining growth,80
TATAPOWER,pro,PRO-04,Revenue growing at above 15% CAGR over 5 years reflects strong business momentum,85
TATAPOWER,con,CON-10,Return on capital employed below 10% suggests the business is not generating sufficient returns on invested capital,80
TATAPOWER,con,CON-11,Net debt exceeding 3 times EBITDA is a high leverage ratio and limits financial flexibility,82
TATASTEEL,pro,PRO-02,Strong free cash flow generation over 5 years signals healthy business fundamentals,88
TATASTEEL,con,CON-03,Operating margins declining for 3 consecutive years suggest pricing or cost pressure,80
TATASTEEL,con,CON-04,Company reported a net loss in the most recent financial year,95
TATASTEEL,con,CON-05,Revenue contraction over 2 consecutive years indicates demand weakness or market share loss,82
TATASTEEL,con,CON-08,Rising debt-to-equity ratio over 3 years suggests increasing financial leverage risk,78
TATASTEEL,con,CON-09,Earnings per share declining for 3 consecutive years reflects deteriorating profitability,82
TATASTEEL,con,CON-10,Return on capital employed below 10% suggests the business is not generating sufficient returns on invested capital,80
TATASTEEL,con,CON-11,Net debt exceeding 3 times EBITDA is a high leverage ratio and limits financial flexibility,82
TCS,pro,PRO-01,Consistently high return on equity above 20% demonstrates exceptional capital efficiency,90
TCS,pro,PRO-02,Strong free cash flow generation over 5 years signals healthy business fundamentals,88
TCS,pro,PRO-05,Operating profit margin above 25% indicates strong pricing power and cost discipline,82
TCS,pro,PRO-07,Very high interest coverage ratio reflects negligible financial stress from debt servicing,88
TCS,pro,PRO-08,Consistent dividend yield above 2% backed by positive free cash flow,65
TCS,pro,PRO-10,Return on equity improving for 3 consecutive years shows strengthening business quality,78
TECHM,pro,PRO-02,Strong free cash flow generation over 5 years signals healthy business fundamentals,88
TECHM,pro,PRO-07,Very high interest coverage ratio reflects negligible financial stress from debt servicing,88
TECHM,pro,PRO-08,Consistent dividend yield above 2% backed by positive free cash flow,65
TECHM,con,CON-03,Operating margins declining for 3 consecutive years suggest pricing or cost pressure,80
TECHM,con,CON-05,Revenue contraction over 2 consecutive years indicates demand weakness or market share loss,82
TECHM,con,CON-07,"Dividend payout ratio above 100% means the company is paying dividends from reserves, which is unsustainable",88
TECHM,con,CON-09,Earnings per share declining for 3 consecutive years reflects deteriorating profitability,82
TECHM,con,CON-10,Return on capital employed below 10% suggests the business is not generating sufficient returns on invested capital,80
TITAN,pro,PRO-01,Consistently high return on equity above 20% demonstrates exceptional capital efficiency,90
TITAN,pro,PRO-04,Revenue growing at above 15% CAGR over 5 years reflects strong business momentum,85
TITAN,pro,PRO-06,Net profit compounding at above 20% over 5 years creates significant shareholder value,85
TITAN,pro,PRO-08,Consistent dividend yield above 2% backed by positive free cash flow,65
TITAN,pro,PRO-09,Earnings per share growing above 15% CAGR indicates strong earnings quality and compounding,84
TITAN,pro,PRO-10,Return on equity improving for 3 consecutive years shows strengthening business quality,78
TITAN,con,CON-08,Rising debt-to-equity ratio over 3 years suggests increasing financial leverage risk,78
TORNTPHARM,pro,PRO-02,Strong free cash flow generation over 5 years signals healthy business fundamentals,88
TORNTPHARM,pro,PRO-05,Operating profit margin above 25% indicates strong pricing power and cost discipline,82
TORNTPHARM,pro,PRO-06,Net profit compounding at above 20% over 5 years creates significant shareholder value,85
TORNTPHARM,pro,PRO-08,Consistent dividend yield above 2% backed by positive free cash flow,65
TORNTPHARM,pro,PRO-09,Earnings per share growing above 15% CAGR indicates strong earnings quality and compounding,84
TORNTPHARM,pro,PRO-10,Return on equity improving for 3 consecutive years shows strengthening business quality,78
TORNTPHARM,pro,PRO-11,Revenue growing slower than profits shows improving operating leverage and scale benefits,75
TRENT,pro,PRO-04,Revenue growing at above 15% CAGR over 5 years reflects strong business momentum,85
TRENT,pro,PRO-06,Net profit compounding at above 20% over 5 years creates significant shareholder value,85
TRENT,pro,PRO-09,Earnings per share growing above 15% CAGR indicates strong earnings quality and compounding,84
TRENT,pro,PRO-10,Return on equity improving for 3 consecutive years shows strengthening business quality,78
TRENT,pro,PRO-11,Revenue growing slower than profits shows improving operating leverage and scale benefits,75
TVSMOTOR,pro,PRO-09,Earnings per share growing above 15% CAGR indicates strong earnings quality and compounding,84
TVSMOTOR,pro,PRO-10,Return on equity improving for 3 consecutive years shows strengthening business quality,78
TVSMOTOR,pro,PRO-11,Revenue growing slower than profits shows improving operating leverage and scale benefits,75
TVSMOTOR,con,CON-01,Debt-to-equity ratio of 3.8 is elevated for a non-financial company and warrants monitoring,85
TVSMOTOR,con,CON-02,Free cash flow negative for 3 consecutive years raises concern about cash generation quality,88
TVSMOTOR,con,CON-11,Net debt exceeding 3 times EBITDA is a high leverage ratio and limits financial flexibility,82
